"0","XX","","5","166","177","on 1 July 2015","ANONYMOUS","Best portable 2TB HDD","The best 2TB portable hard disk. The silver colour looks so good as compared to the black one (looks like brushed silver, see pics). Don't have the blue/red one, will update the review when I receive it. The size of the drive is small and thin as compared to others available in the market. Available space is 1.81TB. I have been using it since past few months and haven't found anything bad with it or something worth complaining about. Registering the product online on seagate website is easy and quick."
"1","XX","","5","42","49","on 10 June 2014","ANONYMOUS","Excellent hard drive","The finish of the drive is superb and very compact, seagate is one of the best manufacturers of external hard drives and they have proved it yet again with this company powerhouse. True value for money."
"2","XX","","5","134","158","on 7 June 2014","ANONYMOUS","Really Slim!!!","I shopped from amazon first time. I ordered this product on 2 june, 2014. It was expected to reach me by 6 june. But due to some delay (package arriving at wrong courier facility), i received it on 7 june morning. Amazon customer service was excellent and very helpful and they tried their best to make this delivery fast. 5*'s for amazon.<br />Now returning to product. I received it in excellent packaging surrounded by airbags. This product has 3 years limited warranty.<br />It's shell is mettalic. Also, its very slim and portable. Easily slides into the pocket. The cable provided with it is of average length. While copying it gives better speed than its competition (both on 2.0 and 3.0). Its only drawback is that it doesn't work with old os like win 98, xp, etc. But i think everyone is using win 7 or 8 these days so it should not trouble anyone. Actual space provided is 931 GB. A seagate dashboard software is included using which u can backup some select folders or ur entire pc. It also powers the user to backup the data on their smartphones. A separate app is available on Play store for android and app store for ios.<br />I highly recommend this product to everyone who is in need of a 1 TB external hard drive."
"3","XX","","5","17","20","on 26 October 2015","ANONYMOUS","â–„â–€â–„â–€â–ˆâ–“â–’â–‘ â˜… REAL "SLIM" HDD AVAILABLE TODAY â˜… â–‘â–’â–“â–ˆâ–€â–„â–€â–„","# Sizing:<br />Compared to WD My Passport Ultra 2TB Portable, Seagate is very slim. If we stack 2 Seagate Slim Plus, that much thicker is the WD My Passport Ultra 2TB Portable (NOT WD 1TB model).<br />Compared to an iPhone 5 size, the Seagate drive is a little bit thicker (2-3mm), shorter length wise (1cm) and wider width wise (2cm).<br /><br /># Connectivity:<br />This drive uses a standard blue USB 3.0 cable (included) that is backwards compatible to USB 2.0 meaning that you can plug it into any Mac or PC.<br />And the cable is not much flexible like WD HDD. But it feels premium quality than WD.<br /><br /># Speed:<br />This is result when I compared with Seagate Backup Plus Slim 2TB, WD Elements 1TB Portable (WDBPCK0010BBK-EESN) & WD My Passport Ultra 1TB Portable.<br />(See the attached picture or use link below)<br />http://s11.postimg.org/mvduokuir/Untitled_13.jpg<br /><br /># MAC Compatibility:<br />There is a Free Paragon NTFS driver on Seagate website. You can run any NTFS storage peripherals when you install this driver.<br /><br /># Free bundled software:<br />The drive includes helpful backup software and a free two-year 200GB subscription to Microsoft OneDrive online storage.<br /><br /># Dislikes:<br />There are NO rubber grip pads under the HDD case. So, it is easy to slip from table/desk & doesn't reduce vibrations (HDD don't have any vibration or noise now).<br />NO rubber pads on 4 corners inside the case of HDD. So, doesn't survive small drops.<br /><br /># Compared to WD:<br />If u want 2TB HDD & exactly what the word &#34;SLIM&#34; means, go for Seagate. For rough use & don't care about slim size, always go for WD.<br />All WD HDD have rubber pads on 4 corners inside the case & rubber grips under the HDD case. It will help to survive small drops & hits, reduce slip from table/desk & reduce vibrations.<br /><br /># WARNING:<br />Remember, this is a electronic product. We can't predict for how many days these HDD will work. Usually, when we get these things we will use very carefully for about 2-3 months, afterwards we use roughly. If you are a rough user & always plug this on computer & share this HDD with friends, most of these won't survive very long even if they belong to the best company in portable HDD or best reviewed one. I suggest, for more secure your data, always upload your important data on one or two reputed Cloud Drives (GoogleDrive, Dropbox, iCloud).<br /><br />  **Please use the Like button if you like this review**"
"4","XX","","5","12","13","on 10 November 2014","ANONYMOUS","Five Stars","photos"
"5","XX","","4","1","1","on 9 December 2015","ANONYMOUS","Yes! A better option among its competitor in this range.","An addition to already existing good reviews which helped me to buy this hard disk.<br /><br />1. My laptop has USB 2.0 port and this drive works absolutely fine with good speed.<br />2. I did not buy the case, instead wrapped the air-bubbled device protector (provided in the courier package) around my hard disk. No heating issues at all, even after continuous usage of over more than few hours. However, I expect Amazon to provide the case with the device itself.<br />3. It connects within seconds. You connect the device to USB port, go to 'My Computer' and hard disk will be listed in there. This fast!<br />4. Delivery was good.<br />5. 3 years warranty post-registering on Seagate's website.<br />6. I had planned to buy WD MyPassport Ultra since few months but its price was quite high for my need. Switched to this and it works best for me."
"6","XX","","5","135","161","on 30 June 2014","ANONYMOUS","AWESOME PRODUCT IN BUDGET","COOL STUFF REALLY NICE TO SEE THE MATERIAL IS GOOD NOT CHEAP , SMARTPHONE SIZED DEVICE CARRY IT ANYWHERE , SPEED OF COPYING IS TOO GOOD , PRICE FROM MARKET IS UNBELIEVABLE RS 4,800<br /><br />ADVICE -<br />DON,T THINK TWICE JUST BUT IT"
"7","XX","","5","1","1","on 23 August 2015","ANONYMOUS","HAPPY WITH THE PRODUCT... AWESOME","i bought this external disk as my first purchase, and i am very happy with the product and the way it was delivered to me.. it was nicely packed with 3 layers of packing around the original box.. and its working well and the speed and transfer rate is also good.. i am impressed with amazon.. The product really handy, its fast, Its awesome, Amazon's delivery services are impressive..The finish of the drive is superb and very compact, seagate is one of the best manufacturers of external hard drives..slim n small... so compact, no sound at all. worth every penny spent.The backup speed is fast enough. As for the packaging and delivery, it was securely packed in bubble wrap and delivery was on time. Happy with the experience."
"8","XX","","5","56","67","on 21 June 2014","ANONYMOUS","A Must Buy Product","After using this product for about a month now I came across the following traits of the product:<br /><br />- Its really handy<br />- its fast<br />- Its awesome<br />- Amazon's delivery services are reliable as usual<br />- the color of the product is very nice - shiny and beautiful<br />- Its smaller than my mobile Nokia Lumia 625<br /><br />A must buy product guys :) go for it :)"
"9","XX","","5","1","1","on 15 October 2015","ANONYMOUS","Best harddisk I also get the warranty very easily for ...","Best harddisk<br />I also get the warranty very easily for 3 years<br />The best 2TB portable hard disk. The colour looks so good as compared to the black one (looks like brushed silver, see pics). Don't have the blue/red one, will update the review when I receive it. The size of the drive is small and thin as compared to others available in the market. Available space is 1.81TB. I have been using it since past few months and haven't found anything bad with it or something worth complaining about. Registering the product online on seagate website is easy and quick."
"10","XX","","5","1","1","on 30 December 2015","ANONYMOUS","Excellent hard drive","The finish of the drive is superb and very compact, Seagate is one of the best manufacturers of external hard drives and they have proved it yet again with this company powerhouse. True value for money.Amazon customer service was excellent and very helpful and they tried their best to make this delivery fast. 5*'s for amazon.Now returning to a product. I received it in excellent packaging surrounded by airbags. This product has 3 years limited warranty.It's shell is metallic. Also, its very slim and portable. Easily slides into the pocket."
"11","XX","","5","16","19","on 20 May 2014","ANONYMOUS","loved it","first time i purchase a product in online, received in good condition and working properly..<br />space to use 931 GB,.. slim and compact too..."
"12","XX","","5","1","1","on 16 January 2016","ANONYMOUS","It does not require any driver or power source and is very easy yo use","I bought this hard drive recently from amazon.I chose amazon because it offered the lowest price. As expected, it reached before the due date.<br />Now coming to the product, it is working well. I registered on Seagate's website, got the warranty information and my 200 GB storage on One drive.<br />Data transfer speed from my laptop to the drive averagesâ€‹ around 70-80 MBps on USB 3.0. It does not require any driver or power source and is very easy yo use."
"13","XX","","5","1","1","on 25 December 2015","ANONYMOUS","A Good Deal to go with.","The product is as described by amazon. Got the latest Seagate disk(mfg: Dec, 2015).<br />* You'll get 1.8 TB of disk size.<br />* The product is sleek, simple, and weightless<br />* Just Plug and Play<br />* Got the 200GB of one drive storage also. This is also hassle free. Just install the &#34;Set_Up.exe&#34; and follow the steps.<br />* That was a fantastic deal by the way.<br /><br />Thanks Amazon. Keep on amazing your costumers."
"14","XX","","5","1","1","on 26 February 2016","ANONYMOUS","Seagate Backup Plus Slim 2TB Portable External Hard Drive Review","I liked the colour very much so I chose to buy this product. Like other Seagate product it's also running fine (till now). Product registration system is very nice, you will find product registration .exc file inside the drive, using that file it's very easy and fast to register the product on official Seagate website. From Laptop to Hard Drive data transfer speed is around 9Mb/S to 15MB/S,"
"15","XX","","5","19","23","on 17 May 2014","ANONYMOUS","Best Portable HDD for mac and windows user","This Portable HDD offers native drivers so that you can access your data from mac and windows without reformatting the entire Portable HDD. This Feature is quiet impressive."
"16","XX","","5","0","0","on 15 February 2016","ANONYMOUS","AWESOME ! But be sure to follow some Tips i have mentioned below for better life.","The Best Companion any Movie Buff, Editor or IT Professional could have. Working Flawlessly without any issues. I use it for Movies, Personal Media and Games.<br /><br />For Better Durability:<br />1. ALWAYS !!! show some patience and Safely Remove USB (Its for your own good).<br />2, Use of a case like SmartFish (http://www.amazon.in/gp/product/B00GGB912U?redirect=true&ref_=cm_cr_ryp_prd_ttl_sol_88) or anything Similar.<br />3. Avoid plugging it in TV, Laptop or Desktop for long hours.<br />4. Transfer movies or series episodes you want to watch into a Pen Drive and watch it, do not directly Plug and Play for the whole run time.<br />5. Instead of laying in down on the floor or suspending it (never do) on a device keep it inside the cover and use it to avoid static shocks.<br />6. Only give the HDD to people who would care it like you will. ( very important )<br /><br />Doing all this will surely help the durability factor and save your precious moments and data from being lost. Trust me i have been following it for a really long time with other Storage Devices."
"17","XX","","4","0","0","on 1 November 2015","ANONYMOUS","Great Product For Data Backup. Go for it!","Seagate Backup Plus Slim is actually a slim portable drive. I just started using it.<br />I purchased this especially to store movable media and other files that I can connect to various other laptops to get/give the contents to my friends. You can use it for storing important critical data. Seagate is known for its good usage.<br />The available space when I connected it for the first time was 931 GB so around 69 GB is may be its internal files and storage that is not disclosed to the user. I have to download the Seagate Dashboard from the website to create a backup plan to backup the data from my laptop/computer to it. You can manually also do it. (your choice)<br />I registered this product on www.seagate.com and I was presented with the 200GB free cloud storage for 2 year (as it said). But I am not sure about whether I will be charged after these 2 years. I have written a query to seagate customer care about it and also regarding the protections and security of access to our data that is stored on the cloud."
"18","XX","","5","0","0","on 25 October 2015","ANONYMOUS","Good Value For Money","Writing this review after almost 5 months.<br />(I have tried to avoid to avoid points which might know before handed like unboxing items and space capacity .I have tried to write it from the perspective of a 5 month old user who has had a real  insight into the product have tried to bring out the points that ads wont tell you.)<br />No signs of any technical problems.<br />Comes in with the  Slim Portable software which comes in handy if you are a social media buff or another of those photogenic image porters  who need to watch their clicks almost anywhere.<br />But you don't get any security encryption software to lock your external HDD but then you can easily download BitLocker or some other software.<br />It provides really good copying speed , reaching almost or sometimes exceeding 100MB/s on 3.0 USB slots.<br />Coming to the physical part:<br />It really is slim as its name suggests but trust me it is very unlikely for it to survive more than a couple of fall offs from your hand so better safe than sorry.<br />The cable is also good enough but probably could have been better as I feel after five months there has been some changes about the texture of it and most noticeable being a few fold creases caused by regular pressure and rough use.<br /><br />Overall I would suggest you to really go for this product as it is a good value for your money and then of course it has the brand name &#34;Seagate&#34;.(although i am not really a supporter of brand value)"
"19","XX","","4","0","0","on 23 October 2015","ANONYMOUS","My first online shopping","So after &#34;years&#34; of researching for a perfect HDD :D I finally ordered it from Amazon, and i gotta say it was gooood...<br />Got one heck of a deal... I am quite happy with the price which was Rs 6400.00 on 06-10-2015 for Seagate Backup Plus Slim 2TB Portable External Hard Drive Silver *Silver is simply the best colour of 'em all*<br />Ordered it on 6th was told it would be delivered by 10th but the delivery was out on 9th which was one day ahead of the actual date, due to my personal issues i rescheduled it to 10th. Got the product by 10th, was pretty happy. One of the smallest and slimmest 2 TB HDD i've ever seen.<br />Registered it online, and got myself 3 yrs of warranty.<br />Used it, it gives a decent 20-30 mbps of transfer speed, might get more if in USB 3.0<br />(Everyone does a check if the product would be good-bad-ugly, had some second thoughts after reading couple of negative reviews but there was no such problem with the product. Amazon is simply magn&iacute;fico.)<br />And after that Me and Seagate lived happily ever after.<br /><br />P.S. - Sorry for not adding the photos of how happy we both were... my camera got jealous and died."
"20","XX","","5","0","0","on 1 March 2016","ANONYMOUS","Seagate! The New One","this is my 10th Seagate hard drive and 1st wth 2tb storage ,, have lots of data movies , shows , ps3 game backups , etc etc... Ths will store my 720p tv shows collectn of great shows like Sopranos, SNL, the X files , brekng bad, GoT ....<br />I got this for â‚¹6399 and after regstrng got 200gb addtnl cloud storage so all's Good.<br />I got the latest one wth new S Logo so really ws a good deal after all cause thats the one i wantd but since pic showd the last one ws skeptcl but wuld have settld fr that one also , cause my last five 1tb r tht model nd r wrkng fine but thanks to Cloudtail/Amazon for sending the Latest.<br />Ive nvr really cared mch abt the colors bt then again ths one looks quite Nice!"
"21","XX","","5","1","1","on 17 November 2015","ANONYMOUS","Thank u Amazon fr ur quick delivery of the best HDD one can have","Thank u Amazon fr ur quick delivery of the best HDD one can have. :)<br />Portability: 5/5<br />Speed: 5/5<br />Looks:5/5<br /><br />Only con is that is gets a bit hot at times. I guess this is usual with electronics now a days."
"22","XX","","5","1","1","on 31 December 2015","ANONYMOUS","Awesome HDD.","Awesome HDD..After 3 months due to virus my HDD got corrupt..got brand new HDD from Seagate in one week itself with renewed warranty..Awesome service by Seagate...HDD is good..fast transfer speed..Fast delivery by Amazon"
"23","XX","","4","1","1","on 9 November 2014","ANONYMOUS","Disappointed ðŸ˜ž with packing","Product was good and no warranty issue but really disappointed with packing. After discuss the same with representative, je assured for suitable action on the matter. But didn't got any positive regarding the issue"
"24","XX","","5","0","0","on 22 October 2015","ANONYMOUS","small and handy","Good deal... Best thing is its size its very small and handy, could fit into my pocket<br /><br />Regarding the warranty it was a pain to get this registered<br /><br />Go to Seagate website and search for how to know your serial number there a link is give to download file which would tell you all the info regarding the Seagate drive you have bought after this the same software would also provide link to Seagate website and others updates and downloads in relation to your drive go for that link and then search for register the drive option it will register easily... Kind of twisted however it works, hope it works for you"
"25","XX","","5","0","0","on 8 July 2014","ANONYMOUS","Great Product","I already have Seagate 1 TB External Hard Drive. But due to space constraints I wanted to buy another one. So I ordered Seagate 1 TB Slim Backup Plus External Drive. After mulling over the idea of buying WD, I stuck to the tried and tested Seagate. After comparing the prices on almost all available websites, I got the best deal on Amazon.in. And voila it was the right decision I made. Nothing against WD, as I have not used it, but Seagate works extremely fine. Its super slim and can even fit into your pocket if at all you want to. Extremely happy with the product. Would definitely recommend it to others."
"26","XX","","5","0","0","on 20 October 2015","ANONYMOUS","Excellent Product.","Seagate THE name is enough,<br />First I have chosen two other brand one of 3500 &amp; other is 4000 to save about 500 Rs but my friends suggest about that particular products &amp; there experience about it, that is too bad against the saving, then only after I came on Seagate.<br />This product is excellent &amp; having good speed, some other brands are offering lesser price but as mentioned above,<br />So just think for quality because if the brand &amp; quality is good definitely we will get good service &amp; good product with proper warranty or guaranty &amp; it goes long with you."
"27","XX","","5","0","0","on 12 July 2014","ANONYMOUS","Sleek and stylish !!","Firstly...<br />Amazon's service!! Just great!! Reached before time and surprised me!<br />Secondly...<br />This device is much lighter and sleeker than the competition. It's got a white led light which makes it all the way cooler!<br />We have here a USB 3.0 , i personally got 110 mbps of transfer rate from internal to external copying which is quite fast. Expect a maximum of around 150 mbps .<br />What made me happier about the product was that i got it for 3700 â‚¹ !! Two days later it's available for 4 grand!<br />If you are looking for a 1 TB HDD , light and stylish , look no more!"
"28","XX","","5","0","0","on 19 September 2015","ANONYMOUS","Macbook users....look no further!","This harddisk is absolutely stunning. With write speed of 85 to 40 Mbps and read speed of about 105 MBps...you get for what you pay...slim design and compactness adds unto its beauty, although i'm unsure about the reliability once if i drop this. Being a mac user, i was initially worried about the compatibility with windows. However, seagate had inbuilt software to format your hardest to have both read and write attributes while using in both mac and windows, without reformatting. Overall, I find this product unto my expectations.<br /><br />I got 3 years warranty while registering."
"29","XX","","5","0","0","on 18 June 2014","ANONYMOUS","Value for money","At my end it comes with 931GB, out of which i can use only 930GB.<br />Read / write data speed is impressive, i don't know my laptop is usb2.0 or 3.0 but i tried it on all ports and i got impressive speed. On one port it is round 22MB/S and on others ports its is round 27MB/S, which is not boring as others.<br />Overall its value for money. Sour i will recommend it to buy my friends.<br /><br />there are few drawbacks with it 1.short cable 2.handle with care 3. no chase provided to handle.<br />I don't have tried it on old machine like XP so don't know it will work there or not."
"30","XX","","5","0","0","on 23 February 2016","ANONYMOUS","Wow! Highly recommended!","This is a really great little drive. It's fast and quiet. It's small yet feels like a quality, solid build. Besides fast, quiet and solid, it doesn't use much power. I can even run it off the USB from my tablet keyboard which pleasantly surprised me. I don't use the Seagate software so I can't comment on that. I've been using Seagate expansion from past 2 years. Still no problems. But, See the pictures, how small and cute this one is! I got 2  extra months warranty too!<br /><br />Next time I need another backup drive, this will be my go-to brand and model. Highly recommended!"
"31","XX","","4","0","0","on 5 July 2014","ANONYMOUS","GREAT HDD BY SEGATE","WORST PACKING BY AMAZON...THE ITEM IS DENTED AND DAMAGED AND WITHOUT ANY BUBBLE WARPING OR ANYTHING.AS A RESULT I RECEIVED A FAULTY ITEM.AND NOW AS A RESOLUTION THEY ARE OFFERING REFUND??????????WHAT A WORST SERVICE?WHO WILL PAY MY EMI PROCESSING FEE + CHARGES INCURRED?AND THE LATE CHARGE?I WILL NEVER BUY FROM AMAZON ANY MORE AND WILL DISCOURAGE OTHERS FROM BUYING FROM AMAZON.ALSO RAISE THE ISSUE IN CONSUMER COURT WITH PHOTO.I THOUGHT OF BUYING KINDLE YESTERDAY,BUT NOT ANY MORE AND NEVER IN MY LIFE.....NEVER BUY FROM AMAZON ...AMAZON IS A CHEATER......FLIPKART IS BEST...."
"32","XX","","5","0","0","on 26 October 2015","ANONYMOUS","Seagate Delivers as Expected!!!","Really, really small. My last 1TB from Seagate was larger than this. And as soon as I connected to the USB 3.0 Port, the Read/Write speed showed up as expected. Backed up a 28Gb Game from Steam to the HDD, then restored the Backup to steam. As expected, nothing too awry or too different from the last 3 Seagate External HDD's I have.<br /><br />Only one issue though. The promised 200GB Onedrive storage spcae, that seems to be hanging with the Seagate Tech Support. I was supposed to get a link to activate the same on my Outlook account, but that never happened."
"33","XX","","4","0","0","on 22 June 2014","ANONYMOUS","A decent external hard drive","Unfortunately, when we do a search for this product on Google, we are lead to believe it has an aluminium case and little rubber feet.  But because the seller doesn't talk about these features in his description, we are not to know it only has a cheap plastic case and no rubber feet.  Therefore it can easliy slide around on the table and is at risk of falling and being damaged.<br /><br />Other than that, it's a good drive - very fast and as good as I'd hoped.<br /><br />Fast delivery and in cood condition, undamaged.  Thank you for your professional service."
"34","XX","","5","0","0","on 25 January 2016","ANONYMOUS","Go for it.. and yes it can b registered in website for warrenty","Received it on time. I ve a old laptop copying speed in 2.0 USB 25 kbps in 3.0 80-90 kbps, but out of 2 tb u ll get 1.8 tb. First I had problem with registering the product but later I did it. U ll get 3 years manufacturing warranty , although the seller told me it can't be register ..lol.<br /><br />Well built and slim .. Recommend you to buy a HDD pouch bcoz it don't include accidental damage warrenty. Over all gud product .. Thought of buying Samsung but major problem with service centers so bought this indeed... Chk for service center before u buy."
"35","XX","","4","11","14","on 4 July 2014","ANONYMOUS","Good for the price (Satisfied)","This is my first product online. I personally liked the product very much.<br /><br />Product:<br />Smaller in size than a 5inch screen smart phone, little wider in width than a smart phone.<br />Looks were good.<br /><br />Function:<br />I have only USB 2 with my laptop. If the files size are bigger the transfer rate is faster.<br />34.6GB movies transferred in 30Min at a average speed of 21Mbps.<br />29.8GB smaller files (photos, small videos, music files) transferred in 55Min at a average speed of 9Mbps.<br /><br />Pros: Small size, good performance.<br />cons: smaller cable (my opinion)<br /><br />over all very good product at this price. will update if i face any issues."
"36","XX","","5","0","0","on 13 July 2014","ANONYMOUS","A perfect solution for daily backup","I am really impressed with quality and size of this product. It is easy to carry and fits in your pocket easily and takes space even much less than mobile. Right now I am using usb2.0 and speed is around 35MBps for me and it is pretty nice.<br />The option having mobile backup capability is very nice and innovative. Just download Seagate backup application on your ios or Android device, create a plan and push backup button every thing will be backed up over WiFi network(your laptop should be having harddisk connected to same WiFi network)"
"37","XX","","5","1","1","on 29 November 2015","ANONYMOUS","Boogy boogy....","This s wat i want...<br />Brushed metal black finish makes product wondeful....<br />transfer rate s affordable for me....<br /><br />Go for dis handy candy 1TB monster ðŸ˜ˆ....."
"38","XX","","5","0","0","on 21 November 2015","ANONYMOUS","True to its reputation Seagate 2 TB Backup plus and Amazon!!","Amazing Seagate backup plus (2TB) drive.  Works superfast on my USB 3.0 port.  It has actual space of 1.81 TB.  Slick looking and very portable.  Make sure to handle it with care, as I am not sure of its durability.  Purchased it on Amazon from seller named:  &#34;CLOUDTAIL&#34;.  You can trust this seller.  Packaging was good.  Product is genuine.  No damage to the package or item at delivery.  Amazon delivery was superb and as promised. I totally recommend this Seagate Backup Plus 2 TB external hard drive and the CLOUDTAIL seller."
"39","XX","","5","0","0","on 18 September 2015","ANONYMOUS","My Savior","I am seagate user since 6years. i bought 1tb harddisk and got 5yrs warranty with that. so to be on safe side of not losing data i thought to buy this 2tb hard disk. to copy all 930GB data took 15hrs giving overall write speed about 100-125mbps.<br />Product comes with usb cable, some documents. When you connect to PC it automatically registers itself. just go with the flow. Really slim pocket size compact harddisk. It has metal cover on one side and plastic on the other. I got the newer model with just logo. #Happy<br />Go fot it.."
"40","XX","","5","1","1","on 22 May 2014","ANONYMOUS","Awesome product very sleek design really liked the product","My friend had bought the same drive 3 months ago and its body was made of plastic and do not seems to be very reilable and the product i got it has metallic design and weight is also very less than that. And design is very sleek i luved it reallly an awesome product. I recommend this product to my friends"
"41","XX","","5","12","15","on 19 July 2014","ANONYMOUS","Feeling awasome using Seagate Backup Plus Slim 1TB Portable External Hard Drive (Black).","Product:<br />Pros:<br />This is a cute little thing, black, matt finish, 11cm x 7cm x 1.2 cm, it will easily fit into your jeans pocket without discomfort.<br /><br />Transfer speed - average 45 mbps to 85 mbps from the hard drive of your computer, average 30-35 mbps from another seagate external hard disc.<br /><br />931 GB available space.<br />Con:<br />The only con is the USB connecting cable is short, a bigger cable would be better.<br /><br />Now this one from Seagate is worth a buy it comes with mesmerizing looks,slim and yes the slimmest! light weight,small in size and can easily slip in your pocket.The power light is sleek and bright which you can turn on or off from Seagate Dashboard! The back up software is good and user friendly,you can make backup plans for your removable devices or for your entire PC(takes quite a while though) also you can backup all your social media contents from Facebook,Twitter And Flickr by just signing in and all contents starts downloading right into your hard drive! USB 2.0 gives a sustained speed of about 26 Mbps and I guess USB 3.0 will give around 85 or somewhat like that,usable space- 931 GB and this drives comes with exciting flavors(available on Flipkart),I mean colors :-P .... The USB cable is a short one but not much of a problem and dont forget to register your product via the Seagate Dashboard software... a 5/5 rating just go for it!"
"42","XX","","5","0","0","on 28 June 2014","ANONYMOUS","BE CAREFUL ,decent external hdd from seagate","I ordered this product around 11 am on the 10th Jan. and it got delivered next day within 24 hours around 11 am. I was pretty desperate for it too.<br />Well, I immediately transfered 47 GB and it took 40 minutes at speed 20mb/sec<br />My PC USB port 2.0, Seagate comes with 3.0.<br /><br />then again tranfered 39 GB, it took 32 mins, 54 GB it took 47mins and 7.5GB it took 6 mins<br />transfer speed being around 21mb/sec throughout.<br /><br />USB cable that comes with it is not that too short as read here. Its about half a meter long with the device connected. Well suitabe for PCs too.<br /><br />1TB but actual storage or capacity shows 931GB (69 GB Short?)<br /><br />Previously, I ordered 16GB memory card from flipkart and I got it withi 48 hours (Collapse)<br /><br />Was this review helpful?"
"43","XX","","5","2","2","on 24 November 2015","ANONYMOUS","Working Perfectly fine...","100% original product... It's been a month..... working perfectly.... no registration issues....."
"44","XX","","5","0","0","on 22 January 2016","ANONYMOUS","Excellent Product & good service Delivery","Excellent product....<br />On time delivery<br />i  have purchase this product on 2014, this will rocks...<br />awesome service & delivery<br />Usb 3.0 port<br /><br />Looks:<br />The Seagate Backup Plus portable hard drive's enclosure is made out of matte plastic that feels pretty well made, though I'd prefer aluminum for durability and better heat dissipation. Glossy plastic enclosures are hard to keep looking good, so kudos to Seagate for using the matte plastic instead. The back of the drive has the USB 3.0 port and there's an itty bitty blue power/activity light on top of the drive, towards the back. Also, there are small rubber feet on the bottom, to keep the drive from sliding around on your desk. The USB 3.0 cable is short, so it's best suited for use with laptops."
"45","XX","","5","1","1","on 10 July 2014","ANONYMOUS","Excellent product got for very less price from amazon","Excellent product got for very less price from amazon...<br />got on 19 june 2014..till now no defects..<br />working fine..<br />very cool product..not at all heating...<br />Recommended..writing and reading speed is very fast too.<br />3.0 usb connection,<br />works with 2.0 micro usb wire too"
"46","XX","","5","0","0","on 11 February 2016","ANONYMOUS","Happy to receive product on time and in good condition","I received my hard drive few days back and now I am posting my review below<br />1) First of all I received product in very good condition.<br />2) As soon as I received it I registered it on Seagate website. So, no issue with warranty.<br />3) Its very slim and can fit in pocket easily but please don't do so instead of it buy a good case for it. I bought smartfish hard disk armour case for my hard drive.<br />4) Data cable built quality is quite good though its not very long but not very shot too. Also, its not loose at all when I connected with my hard disk.<br />5) Data transfer rate is quite good.<br />6) So far its working quite well.<br /><br />Also, I would recommend to choose Seagate over WD. Rest life of a hard drive depends on how one is using it."
"47","XX","","5","0","0","on 27 September 2015","ANONYMOUS","The product is extremely good. It is more than i expected for","The product is extremely good. It is more than i expected for. The usable space in the hard disk is 931 GB which is quite a lot of space.<br />Let me note down the pros:<br />High quality finishing with an attractive look.<br />It also provides an additional 2 years cloud storage of 200 GB in microsoft server.<br />Transfer speed is extremely good. I could transfer a 3.25 GB movie within 4 to 5 minutes. So I was really impressed by it.<br />Cons:<br />The HDD gets heated up but its not an issue coz its 1 tb afterall.<br /><br />No more comments about the product.<br />Thanks to amazon for a perfect extremely fast delivery through FEDEX. But i was slightly dejected when it was sent through blue dart and the order got cancelled that time."
"48","XX","","5","0","0","on 12 July 2014","ANONYMOUS","Value for money, very compat, got what I was expecting","After lot of comparison and check on perf/value for money i zeroed on this and m fully satisfied as of now,<br />more to be seen with time.<br />Excellent service by Amazon, placed order on saturday late night and monday evening I had it in my hands.<br />Immediately proceeded with partitioning and backup, though my laptop does not support USB3.0 so couldn' check on that.<br />Overall excellent looks and very compact.<br /><br />Go for it in case you need a backup device.<br />Automatic backup SW there, works in background, but for now I am using freefile sync to just sync my lappy and HDD.<br /><br />Compared with WD ultra, trascend.. go for tracend only for more durability else for all its seagate.. WD was a bit costly.."
"49","XX","","5","0","0","on 13 November 2015","ANONYMOUS","AWsomE Product.......","AwsomE Product!!<br />I love this product very much..I dont know why the peoples hate this product some fools are saying this product is bad and not getting warranty That means that fools dont know to register to get warranty please trust me! i SURELY RECOMMEND this product!! Because this product gives you 200GB of free One Drive storage that feels awsome !! and we can store our phone storage But I noticed bad in this product is They are not giving us a free carry case thatn feels bad . and i recommend you to choose blue colour for this product it looks brilliant and fixes perfectly in pocket and it is small in size Wow it feels awsome i recommend u to buy this product please trust Me !!  LOVED IT!!  AWSOME!!!"
"50","XX","","4","0","0","on 17 October 2015","ANONYMOUS","Look and feel While the Backup Plus Slim is pretty much a basic drive in a very small enclosure","Look and feel<br />While the Backup Plus Slim is pretty much a basic drive in a very small enclosure, the Backup Plus Fast is actually two drives sandwiched into one body. Of course, the two are very different in terms of weight and portability.<br /><br />It's pretty much as small as a 2.5-inch hard drive enclosure can be, which makes us wonder how shock-resistant it actually is. My review unit had a metallic red finish on top, which was quite striking. The sides are glossy black, while the bottom is textured for a non-slip grip.<br /><br />Seagate includes a 0.5m USB 3.0 cable. You could easily slip this drive into a pocket and carry it around all day.<br /><br />Software<br /><br />Seagate includes both Mac and PC versions of its Dashboard utility. You have to install a registration utility as well, and you're forced to reboot before you can use any of it and then says it needs to download a 93MB update.<br /><br />Performance<br />Unsurprisingly, the Backup Plus Fast outperformed its smaller sibling by a very wide margin in most tests. Both drives performed well, thanks to the fast USB 3.0 interface. You can expect sequential read and write speeds of around 106Mbps with the Slim, and 230Mbps with the Fast. Random read and write speeds, as measured by SiSoft SANDRA 2014, were more in line, with the Fast at 61.3 and 87.14Mbps as opposed to the Slim at 52.58 and 53.51 respectively.<br /><br />Pros<br /><br />  Slim and light<br />  Versatile enough for everyday use<br /><br />Cons<br /><br />  Slightly expensive<br /><br />Ratings (Out of 5)<br /><br />  Design: 4<br />  Performance: 3.5<br />  Value for Money: 3.5<br />  Overall: 3.5"
"51","XX","","5","0","0","on 8 June 2015","ANONYMOUS","Four Stars","another quality product from Seagate. slim n small... so compact, no sound at all. worth every penny spent. satisfied beyond limits.ried/writ 102mbps. super I love this products,<br />The product is what we expect of Seagate. The backup speed is fast enough. As for the packaging and delivery, it was securely packed in bubble wrap and delivery was on time. Happy with the experience.<br />Also<br />The SeagateÂ® Backup Plus Slim Portable Drive is the simple, one-click way to protect and share your entire digital life. Perfect to take on the go, the sleek metal case design allows for the thinnest portable hard drive available with up to 2TB of capacity.  It goes anywhere â€” without getting in your way.<br /><br />  Features mobile backup using the Seagate Mobile Backup App<br />  Protect your data with easy flexible backups<br />  Back up from FacebookÂ® and FlickrÂ® and share to YouTubeÂ®<br />  Easy to share files between WindowsÂ® and Mac computers<br />  USB 3.0 plug-and-play with no bulky power supply adapters"
"52","XX","","5","0","0","on 12 August 2015","ANONYMOUS","Awesome Hard Drive, I'm Happy","Friebds,<br />I'm too much confused before buying it, because so many reviews are there in ecommerce website n that make me confused.<br /><br />But Buying Segate Hard Drive I'm completely satisfy<br />Reason to buy Seagate Backup plus Slim 2TB<br />1. Very light Weight<br />2. No requirement of external power<br />That's awesome<br />3. Sexy small n slim look<br />It have half weight in compare of my Sony 1 TB Hard drive n almost 40% lighter n 25% smaller in looks<br />4. Main points is Speed<br />Its has USB 3 support with great transfer speed<br />5. No Heat Problem<br />I had transfered 940 GB in Single from my old Hard Drive to Segate, Even its stay simply Heat n works Consistently Awesome<br />Feels Good<br />6. Bought from Amazon is really good Deal<br />I found difference of Rd.700 less than other website, so thank you Amazon.<br /><br />That's it frds<br />In sort very good Hard Drive @ at very good Price n Gives me Good Performance.... FEEL HAPPY"
"53","XX","","5","34","42","on 10 October 2014","ANONYMOUS","Is there any other 12mm Portable drives out there? Read on..","Hello World,<br /><br />I've Seagate Backup Plus slim 2TB two weeks before and thought of giving a video review. And it was not possible. I previously had a Samsung G2 320GB hence am little experienced how these portable drives perform, size factor, etc.<br /><br />I deeply checked all portable drives of storage capacity 2TB and found that, This is the ONLY drive of 12mm. WD Passport is wrongly mentioned of 15mm thickness in amazon.in and even in flipkart.com but Go to WD Site where it is specifically mentioned that 2TB version is of 20mm. All Adata, Samsung M3, etc. are of 20mm. I wanted a slimmest one hence went for this. Also I watched a Case opening video and found that, this drive had Internal SATA-USB Conversion and hence if drive goes bad, data recovery is possible through SATA Port. Surf YouTube for that info,<br /><br />MRP Mentioned on package is â‚¹13990. On my purchase from 'Infiniti Retail Ltd' seller in amazon.in, After SBI Card 10% discount, it costed â‚¹6883.2 where in USA selling at $100, I had to give â‚¹883 for country variation!  Shipped from Mumbai on a Saturday and got product to Tamilnadu on Monday, with FedEx (amazon.in and FedEx rock!)<br /><br />After I ordered the product, I felt bad as price is very dynamic. Price went down for nearly â‚¹50 for which I was able to able refund request. Instead crediting money back to Card, Folks at amazon.in sent me Cheque! And itâ€™s of some Deutsche Bank where I don't have account hence to redeem that money, I have to spend more! (Due to Cheque collection fee from other bank!), (Cheque is collecting Dust ;-)). Then, after 10 days price fall was drastic to approx. â‚¹7200 where I was safe only due to SBI Card Cash back<br /><br />Package was Good (Seagate logo engraved is Superb cool!) and Drive as expected as thin (I felt thinner than my previous G2!) My Desktop just has USB 2.0 and drive performs Great with Avg. 34MBps on both Read/Write. CNET had reviewed this drive and found this drive performs the best on USB 3.0 with Fastest R/W Speeds. (Read it through Google-ing for it). However on a Laptop, I get Avg. 25MBps on USB 2.0.<br /><br />As, many said USB 3.0 Cable is short but is exact to connect it to Laptop or Desktop's front USB. I don't worry of length, because as of now, I don't have USB 3.0 and hence it is POSSIBLE for me to use all EXISTING MICRO-USB Cables which generally connect my phone to PC. Try using those if you have such drive and have not tried it before (Surprise!)<br /><br />Bit Techy (For Geeks): Drive when plugged recognizes to SCSI Interface and Installs to Normal Portable drive. Drive's hardware identification name is 'Seagate BUP Slim BK USB Device'. Natively Formatted as NTFS and contain propitiatory Seagate Tools and Warranty registration tool. I formatted again and got total space of 1.81TB aka 1907729MB exactly.<br /><br />As if you've read above you'll be felt positive on drive. If I have list negative or disadvantage (with great difficulty),<br />1. Data activity indication LED light a little different (It dims and glows as Non-intrusive instead Quick offs-ons). With Seagate Tools, it is possible to turn off this LED but I wonder why anyone would do this!<br />2. LED is positioned in Top. I prefer it be located near the USB Port like it is done in WD Passport/Essentials, so that activity is visible from side.<br />3. Least one. Pricey compared to Adata, Samsung, WD, etc. Eventually I expect this drive's price will reach near US price in future.<br />4. Heating? Does anyone know HDD that doesn't heatup on working???<br /><br />Verdict is Best buy for â‚¹ I bought for and Keep going on checkout without any more confusion, as I've already done enough analysis and comparisons for you. (I've done such detailed review like on amazon.com so that people could buy with more clarity of true info and to inspire reader to write such depth reviews on products they buy).<br /><br />Finally for Info, HDD originally manufactured and assembled at China. So, NOT 'MADE IN INDIA' Product :-(<br />-Indian"
"54","XX","","5","0","0","on 14 December 2015","ANONYMOUS","Amazon and Seagate do it again...Awesomeness....","Amazon you have done it once again ordered it on sunday at 12:05 Am and received the package on Monday by 16:30 hrs...Amazing...As everyone had written about the sr nos not getting registered i was really skeptical to have ordered the hdd online...first thing firdt moment got the hdd went to the seagate website and registered the product and vola...it got registered it verified my product no as well...<br /><br />1st stage cleared...<br /><br />2nd stage plugged the hdd in the comp and vola it runs as smooth as butter once again satisfied..<br /><br />The hdd is so compact it will deceive you on being a 1Tb and not a 2Tb...awesome job seagate on that...<br />Amazon thanks for the quick servce you made my day...<br /><br />Must buy and good value for money...i would recommend to all customers looking for a hdd..dont doubt the product its premium and the best money can get you and amaxon offers this at at a very good price..."
"55","XX","","5","0","0","on 19 October 2015","ANONYMOUS","Got few hours before...Satisfied with the product..","Got it for Rs.3999 (from festival sale). Its great.. Price is low when compared to other websites. But the packaging was not good. Just a sheet like thing is used no boxes was used. The product was good and new and it is just manufactured a month ago. Its with new logo in which Seagate changed few months back. The speed is maximum of 86 mb...but mostly it is around 75 mb.. which is little less when compared with transcend and wd elements bcz they both will be around 80- 85 mb mostly. And too the speed reduces to 30 for few seconds.. I dont know why it is like that.The drive is too small than i expected...Registeration of the product is quite easy. A slight disturbance will dusconnect the drive from computer. It is getting heated after usage of 20 minutes.. I think it is common. After registering the warranty is 3 years and 2 months. Very happy with this. Keep it safe using HDD protector. Length of the cable is small."
"56","XX","","5","0","0","on 9 October 2015","ANONYMOUS","I have now used the HDD for the past one month and it has so far been working fine. The data transfer rate from Internal Hard Di","The Seagate Backup Plus Slim 2TB Portable External Hard Drive is slim and aesthetic in look. This is the first time I am using Seagate Portable Hard Disk after 4 WD Portable Hard Disks. I have now used the HDD for the past one month and it has so far been working fine. The data transfer rate from Internal Hard Disk to Seagate Portable HDD is 63.9 MB per second and from WD My Passport Portable HDD USB 3.0 to Seagate Portable HDD,  it is 35.1 MB per Sec. The transfer rate from WD My Passport USB 2.0 to Seagate is 28.4 MB per sec. Since room temperature has now fallen, the HDD has not got heated up. I have to see whether the Portable HDD gets heated up in Summer when the atmospheric temperature goes up and exceeds 40 degree Celsius..<br />Regarding packaging and delivery, it was exemplary. The quality of packaging was good and I received the consignment containing the HDD within 20 hours of placing the order."
"57","XX","","5","0","0","on 5 December 2015","ANONYMOUS","Awesome, Genuine and Authentic","I bought the 2Tb version. Genuine Product. Is working like a charm. I have been using it for a couple of weeks now. The speeds of transfer of data from the USB 3.0 port of my Macbook Air are awesome. Transfers of 1 GB data happen in less than 1 minute. As a lay man user who wants to just back up what ever data he has in his computer in case of emergency, this is a boon. It also comes with a 200 GB cloud with one drive which is free for 2 years. I think thats an added bonus. Also The feature of Lyve app connecting wirelessly to my iPhone, macbook and iPad to back up photos and videos is also a good feature. People who are getting worried about the warranty and product registration, I registered my product on seagate.com and got a genuine 3 year warranty. Here is the snapshot of my warranty. I bought my drive in Lightening deal with Cloudtail seller and effectively got the 2TB drive for 5500."
"58","XX","","4","1","1","on 16 January 2016","ANONYMOUS","Okay but not great. If I remember I shall give another review ...","Got this today. Delivered ahead of schedule, as is the norm with Amazon. Such a tiny thing, it is incredible that 2 TB data can be packed into it. Copied some large movie files from my laptop. Copying speed about 40-50 MBPS. Okay but not great. If I remember I shall give another review after a few months of use."
"59","XX","","5","1","1","on 9 October 2015","ANONYMOUS","Awesome hd by seagate but very bad packing from amazon.","First of all very very bad packing by amazon,atleast learn to pack thing with bubble wrap or something,the package was not even fitting in the box.....as for the hard disk...5 stars on the way,very nice and good product from seagate,love the hd,it is so slim & handy,simple plug and surf,totally loving it :)"
"60","XX","","5","0","0","on 24 October 2015","ANONYMOUS","Beautiful, Slim and affordable","This product is recommended. However, i will list some pros and cons:<br /><br />Pros:<br />1. Sleek and beautiful design.<br />2. Adequate transfer speed. Not phenomenal but workable.<br />3. Fast Delivery by Amazon.<br /><br />Cons:<br />1.  1.81 TB space available.<br />2. Product Registration is a pain. It took me around 10 tries to get it registered at Seagate website. So if u r having sm problems, keep at it. Eventually it will happen.<br />3. A case is must to protect this disk."
"61","XX","","5","3","4","on 16 February 2016","ANONYMOUS","The only review you need for 2tb hard drive purchase","<a class='a-link-normal' href='/Seagate-Backup-Plus-Slim-2TB-Portable-External-Hard-Drive-with-200GB-of-Cloud-Storage-Mobile-Device-Backup-Blue-STDR2000302/dp/B00GO0I7B4/ref=cm_cr_arp_d_rvw_txt?ie=UTF8'>Seagate Backup Plus Slim 2TB Portable External Hard Drive with 200GB of Cloud Storage & Mobile Device Backup (Blue) (STDR2000302)</a><br /><br />Seagate Backup Plus Slim 2TB review<br /><br />Hard drives considered:<br /><br />A:) WD My Passport Ultra 2TB & WD Elements 2TB<br />Reasons for rejection:<br />1. (For My Passport Ultra) Expensive than elements just because of bundled crappy backup and security software which 99.9% of people donâ€™t use, still if u want u can use free third party advanced softwares available online instead.<br />2. (For Both) 2tb version is extremely thick, heavy and ugly looking, also creates space problem in putting 2-3 pen drives in Hard disk cases like Saco, Neocase etc.<br />3. Hard drive canâ€™t be used as internal drive in pc, because internally usb port is soldered to sata connector.<br />4. Due to above (3rd) reason, in case of broken usb connector with long usage and mishandling, hard drive becomes unusable and data recovery is impossible, because usb connector replacement is impossible, even if hard drive if perfectly fine. (You can google the teardown articles and videos if you want)<br /><br />B:) Seagate expansion 2tb<br />Reasons for rejection:<br />1. I already have it, 1tb version I got as a gift, working superbly, but wanted something new.<br />2. Only 1 year warranty on this model, rest all hard drives have 3 year warranty, so stay away from this drive for now.<br /><br />### NOW WHY SEAGATE BACKUP PLUS SLIM ###<br />Reasons for Selection:<br />1. Slimmest 2TB hard drive in the world.<br />2. Can easily carry in upper shirt pocket.<br />3. Lots of space for other pen drives etc in hard disk cases.(pics attached)<br />4. 3 year warranty.<br />5. Best hard drive according to Thewirecutter.com after extensive testing and review. [...]<br />6. It is most affordable per GB of data and much faster than WD Ultra.<br />7. It contains a Samsungâ€™s (subsidiary of Seagate) M9T model 2tb hard drive, which is just 9.5mm.<br />8. It has a perfectly and easily detachable sata to usb connector inside, so u can use it as a internal drive, not just in your PC but Laptops as well. :)<br />9. It is the only 2tb drive in the world that can be used as a PS4 internal hard drive.(all over the world people are buying backup plus slim just to tear it down to get M9T and fit drive to PS4, u can google as see for urself).<br />10. And due to above reason, in case of any damage to usb connector, it can be easily replaceable or the drive can be used in any usb to sata enclosure or internally as I already told u.<br />11. Speeds are around 125mbps for both Read & Write in CrystalDiskMark.<br />P.S-<br />1. the pics on amazon are little old, as Seagate logo is now changed and Seagate is not written in front now, but on back.<br />2. Even if you are buying 1TB model, all the above points are applicable.<br />3. Comparison pics with last generation Seagate Expansion 1TB also included.<br />4. Product registration takes a minute, go to google and search seagate product registration and open first link and register your product easily and get 3 years warranty.<br />The reason many people facing registration problem is because they are using installed software to register the product, which contain old registration link that doesn't work now, so register on first link found on Google search. HAPPY BACKUPING"
"62","XX","","5","12","15","on 16 May 2014","ANONYMOUS","Great Product from Seagate","Pros: It has amazingly high speed of 110 MB/s.<br />It is very slim and lightweight.<br /><br />Cons: Needs to be handled carefully"
"63","XX","","5","0","0","on 18 June 2015","ANONYMOUS","Tiny beast","Expected it to be bigger in size, but was happy to see how tiny it is.<br />Good part is I had checked before hand that it is windows and mac compatible, not that it matters a lot, but saves the hassle of running through paragon.<br /><br />The abovev was when is bought a black one in mid 2015.<br /><br />Recently I ordered a red one. Mind you everyone it's only the front panel which is red. The functionality is pretty much the same. Comes with a backup software. Haven't tried the 200 gb free cloud yet."
"64","XX","","4","0","0","on 14 August 2015","ANONYMOUS","Nothing like it for the price I paid :)","This hard drive has been in my wish list for about 2 month now. I was following the product to see a dip in the selling price and I could notice a small fluctuation. Finally I decided to buy this product when the price was 3999 (believe it). I have done all my ground work with regards to the selecting this hard drive and I was more than happy to have this. Rated the product 4 start since I just started using it. Will come back with a detailed review after using it for some time."
"65","XX","","5","1","1","on 17 July 2015","ANONYMOUS","ITS ANAND PROOF","AWESOME METAL FRAME, WELL YOU GET ONLY 1.81 GB, DATA RATE IN 2.0 USB FOR COPYING WAS AROUND 36 mB/S, it wouldbe awesome if i brought the colour variants."
"66","XX","","5","0","0","on 17 February 2016","ANONYMOUS","Reliable product from the best brand","Excellent product from Seagate, as usual. It's slimmer than I imagined it would be.<br />You get a little over 950 GB of storage space. I installed the Seagate lyve and other bundled software onto my PC, but I haven't tried them out yet.<br />I registered my product and received an extra 200 GB of onedrive storage. Not a big fan of cloud storage, but I suppose it's a nice offer.<br />In my experience, you can't go wrong with Seagate. So, I feel its well worth the price of 4199."
"67","XX","","5","0","0","on 20 October 2015","ANONYMOUS","Awesome drive value for money","Awesome drive value for money..<br />Bought this for 4k in amazon lighting deal drive is pretty slim as the name suggest fits in ur palm pretty slick and pockets to slight glossy look..<br />Got delivered in a day pretty fast.used getting around 70 to 120 Mbps..speed when plug it into USB 3.0 slot .its worth investing if u re running short on storage and plus u get 200gb of cloud storage Microsoft one drive whn u register this product..just buy without any second thoughts."
"68","XX","","4","0","0","on 22 June 2014","ANONYMOUS","GOOD !!! But still need to clear some isssues......","Ordered first time from amazon .good packaging no delays. ordered on 16 june morning reached home at 17 afternoon.<br />Really good hardisk small sized good for carring .good transfer speed. but after you connect to your pc/laptop sometimes it leaks current.<br />doesnt affect to much but if you want to feel it you have to keep your hand and concentrate to find if it does leak . not a big issue but still Seagate needs to work on it .Otherwise its a great hardisk ."
"69","XX","","4","0","0","on 20 August 2015","ANONYMOUS","Average performer!","i bought this hard drive to store movies i download which is a lot initially it looked good the quality seems sturdy and performance average not amazing after one month of usage the USB 3 cable became loose and now it get disconnected from hard drive with very little force which is not good.<br />the writing speed i get on USB 3 port is somewhat between 70 Mbps to 25 Mbps when transferring 5 GB or higher files.<br />but for this price it looks good so far."
"70","XX","","5","0","0","on 2 January 2016","ANONYMOUS","Quick, compact but giant storage","Just picked it up, so can't review the durability. But on first impressions:<br />- It is quick. Transfer speeds are quite quick (reached 50mbps while transferring from another disk). This will vary based on the read speed from the source disk<br />- Compact. It is slightly longer than my old WD 1TB hard disk but it is quite thin.<br />- Partitioning was a breeze. It has 4 partitions (2 NTFS, 1 HFS and 1 EXT4) and works brilliantly across all platforms"
"71","XX","","5","0","0","on 16 October 2015","ANONYMOUS","I love it!","I love it !!!<br /><br />1. Delivered in 2 days, Wowww!!!!<br />2. Product Quality is very good.<br />3. Easy way to register in seagate.com.<br />4. Got 3 years warranty in Seagate.com.<br />5. Transfered my data to my Seagate within 15 mins around 65 GB- Speed 111Mbps<br />6. Over all am satisfied with my Seagate prduct and USB cable.<br />7. Packing was good us usual with bubble packing!!<br />8. Looking good, slim and weightless<br />9. USB cable is also good quality,<br />10. Worth for 4050/-"
"72","XX","","5","8","10","on 4 June 2014","ANONYMOUS","Awesome","It give excellent work.It is too light and slim & easy to carry.Enjoy it..............Thanks Seagate for great work.<br />It gives mobile backup facility."
"73","XX","","4","1","1","on 6 October 2015","ANONYMOUS","Speed is pretty good on USB 3","Perfectly working after use of 8 months .... Speed is pretty good on USB 3.0  around 100 MBPS  & One more thing it's very compact in size."
"74","XX","","5","0","0","on 23 October 2015","ANONYMOUS","A Baby So Slim is Seldom Found...!!!!!","Product:<br />Pros:<br />This is a cute little thing, black, matt finish, 11cm x 7cm x 1.2 cm, it will easily fit into your jeans pocket without discomfort.<br /><br />Transfer speed - average 45 mbps to 85 mbps from the hard drive of your computer, average 30-35 mbps from another seagate external hard disc.<br /><br />931 GB available space.<br />Con:<br />The only con is the USB connecting cable is short, a bigger cable would be better."
"75","XX","","5","0","0","on 28 October 2015","ANONYMOUS","I haven't had a chance to use the additional 200GB free cloud space for 2 yrs because once I get used to the free 200GB space I","Slimmer and smaller than the drives I already owned in the past ... Worked faster and quick to format.<br /><br />I haven't had a chance to use the additional 200GB free cloud space for 2 yrs because once I get used to the free 200GB space I will have to either download that entire 200GB cloud to another hard disk and waste money on internet or continue with a yearly subscription. I personally did not like that additional 200GB offer."
"76","XX","","5","0","0","on 1 November 2015","ANONYMOUS","Good, Satisfied my expectaion.","I have testex this hard disc with my mobile moto g 2nd, this parfectly detected by mobile. And its working fine.<br />HD is realy a slim very small in size and light weight that you can carry in shirt pocket easily.<br />Its good product. I found this in very chipper rate in amazon may be they have tied up with segate.<br /><br />Over all its satisfied my expectations.<br />Also thanks for amazon. Good service, good delivering time."
"77","XX","","4","1","1","on 7 October 2014","ANONYMOUS","great HDD but with small cable","Everything is great. Only reason i gave 4 stars and not 5 is because the USB cable that came with it is very small (just 18 inches)."
"78","XX","","5","0","0","on 18 January 2016","ANONYMOUS","Trustworthy backup buddy","Couldn't be more happy with this. I paid almost a 1000 bucks more compared to Paytm deal, but it wasn't there when I bought this, so no regrets. It's so slim, fits within my palm. Silver color is worth the extra 300 bucks, superior finish. Read/write speeds are super high, especially if you have a USB 3.0. Yet to figure out how to setup the 200GB free account with OneDrive. There's a catch here, it's only free for 2 years."
"79","XX","","5","0","0","on 1 September 2015","ANONYMOUS","Nice and Slim hard drive","This is very useful product as its easy to carry around and works with most of the windows laptops/PC's. But due to NTFS format it does not work with other(Mac,Linux).<br /><br />Immediately after a week of purchase, the hard disk went bad, I took it to Seagate service centre, they replaced it in 15 days and since then this product seems to work properly...  The service centre guys were friendly and kind of co-operative."
